Model,NLLH,Accuracy,ROC-AUC,Avg Precision,Precision_1,Recall_1,F1_1,Support_1,TN,FP,FN,TP,DP,UTILITY_P,UTILITY_P_FAIR
Dummy,0.69402,0.00695,0.5,0.00695,0.01,1.0,0.01,1490,0,212956,0,1490,1.97221,0.01390,0.00695
LR FAIR lambda 3.0,0.44037,0.96918,0.70531,0.02218,0.03,0.12,0.05,1864,259578,6615,1647,217,0.04774,0.00162,0.96918
XGB UNFAIR,0.65407,0.76229,0.81459,0.04218,0.02,0.73,0.04,1490,162381,50575,402,1088,0.46153,0.01015,0.76229
XGB UNAWARE,0.43431,0.84325,0.84278,0.06927,0.03,0.67,0.06,1490,212956,0,492,998,0.00931,0.00931,0.99771
AFN-Deeper-Dropout,0.8271,0.9852,0.9846,0.7083,0.3118,0.9924,0.4743,1439,209856,3151,11,1428,0.01607,0.01332,0.98526
