MODEL,NLLH,DP,UTILITY,UTILITY_P,UTILITY_P_FAIR,AU-ROC,AVG-P-SCORE
Dummy,0.69404,0.0,0.0102,0.01097,0.01181,0.5,0.00695
XGBoost UNAWARE,0.43431,0.01484,0.01043,0.01152,0.01217,0.84278,0.06927
XGBoost UNFAIR,0.65407,0.0016,0.01022,0.01071,0.01122,0.81459,0.04218
